id;titulo;descripcion;disponibilidad;preciohora;preciotraslado;fechacreacion;fechaactualizacion
1;content Bedfordshire;Avon Madera;COMPLETA;10149;69408;2022-03-20T22:17:51;2022-03-21T05:36:10
2;Guantes;5th Ensalada canal;TARDE;2979;62504;2022-03-21T16:25:57;2022-03-21T10:33:11
3;Torrente Teclado emulación;Ouguiya Programa hack;MANANA;67227;12526;2022-03-21T13:06:27;2022-03-20T23:35:13
4;Pequeño;open-source Futuro Lats;COMPLETA;65805;37360;2022-03-21T10:17:08;2022-03-21T03:55:17
5;impactful Gris;Creativo Guapo (customarily;TARDE;825;80618;2022-03-21T00:12:32;2022-03-21T13:59:07
6;feed generación Sabroso;Videojuegos Burundi copying;MANANA;34427;45480;2022-03-20T22:58:17;2022-03-21T11:15:33
7;Cambridgeshire open-source brand;SMS Loan;TARDE;50175;59118;2022-03-21T16:09:22;2022-03-21T02:42:29
8;Bicicleta;e-enable AGP Mercado;TARDE;14991;93685;2022-03-21T03:35:25;2022-03-20T22:17:17
9;metrics Orgánico Guapa;Ramal engage parsing;TARDE;27404;47954;2022-03-20T23:42:46;2022-03-21T09:13:33
10;Pequeño;Regional;COMPLETA;23680;19502;2022-03-21T04:03:01;2022-03-21T06:19:30
